nombre;correo;isDuenio;actividadesRealizadas
Julian;julian@gmail.com;false;1.
Juan;juan@gmail.com;false;2.
Jose;jose@gmail.com;false;3.
Joaquin;joaquin@gmail.com;false;4.
JulioProfe;juliprofe@gmail.com;false;5.
Jaramillo;jaramillo@gmail.com;false;6.
Janeyis;janeyis@gmail.com;false;7.
Andres;andres@gmail.com;false;8.9.
